<?xml version="1.0" encoding="UTF-8" ?>
<schema name="mimic" version="1.6">
  <uniqueKey>row_id</uniqueKey>
  
  <field name="row_id" type="long" indexed="true" stored="true" required="true" />
  <field name="chartdate" type="tdate" indexed="true" stored="true" />
  <field name="note_text" type="text_general" indexed="true" stored="false" />
  <field name="hospital_expire_flag" type="boolean" indexed="true" stored="true" />
  <field name="icd9_codes" type="string" indexed="true" stored="true" multiValued="true" />

  <fieldType name="text_general" class="solr.TextField" positionIncrementGap="100">
    <analyzer type="index">
      <tokenizer class="solr.StandardTokenizerFactory"/>
      <filter class="solr.StopFilterFactory" ignoreCase="true" words="stopwords.txt"/>
      <filter class="solr.LowerCaseFilterFactory"/>
      <filter class="solr.EnglishPossessiveFilterFactory"/>
      <filter class="solr.PorterStemFilterFactory"/>
    </analyzer>
    <analyzer type="query">
      <tokenizer class="solr.StandardTokenizerFactory"/>
      <filter class="solr.StopFilterFactory" ignoreCase="true" words="stopwords.txt"/>
      <filter class="solr.SynonymFilterFactory" synonyms="synonyms.txt" ignoreCase="true" expand="true"/>
      <filter class="solr.LowerCaseFilterFactory"/>
      <filter class="solr.EnglishPossessiveFilterFactory"/>
      <filter class="solr.PorterStemFilterFactory"/>
    </analyzer>
  </fieldType>

</schema>
